{
  "name": "restangular",
  "version": "1.5.2",
  "main": "./dist/restangular.js",
  "description": "Restful Resources service for AngularJS apps",
  "repository": {
    "type": "git",
    "url": "git://github.com/mgonto/restangular.git"
  },
  "dependencies": {
    "lodash": ">=1.3.0",
    "angular": "~1.x"
  },
  "ignore": [
    "node_modules",
    "components",
    "lib"
  ],
  "homepage": "https://github.com/mgonto/restangular",
  "_release": "1.5.2",
  "_resolution": {
    "type": "version",
    "tag": "1.5.2",
    "commit": "efba8231e60f0cb049de9272967593fab7971f6e"
  },
  "_source": "https://github.com/mgonto/restangular.git",
  "_target": "^1.5.2",
  "_originalSource": "restangular",
  "_direct": true
}