{
	"tab": [{
		"id": "0",
		"title": "无人机"
	},{
		"id": "1",
		"title": "电子政务"
	},{
		"id": "2",
		"title": "无人机"
	},{
		"id": "3",
		"title": "无人机"
	},{
		"id": "4",
		"title": "电子政务"
	},{
		"id": "5",
		"title": "无人机"
	},{
		"id": "6",
		"title": "网络"
	},{
		"id": "7",
		"title": "电子政务网"
	},{
		"id": "8",
		"title": "电子政务网"
	},{
		"id": "9",
		"title": "无人机"
	},{
		"id": "10",
		"title": "电子"
	},{
		"id": "11",
		"title": "电子政务网"
	},{
		"id": "12",
		"title": "无人机网络"
	},{
		"id": "13",
		"title": "电子政务"
	},{
		"id": "14",
		"title": "电子政务网"
	}],
	"search": [{
		"id": "0",
		"title": "电子政务"
	},{
		"id": "1",
		"title": "电子政务"
	},{
		"id": "2",
		"title": "无人机"
	},{
		"id": "3",
		"title": "网络"
	},{
		"id": "4",
		"title": "电子政务"
	},{
		"id": "5",
		"title": "无人机试验"
	},{
		"id": "6",
		"title": "网络"
	},{
		"id": "7",
		"title": "政务网"
	},{
		"id": "8",
		"title": "电子政务"
	},{
		"id": "9",
		"title": "无人机起飞"
	},{
		"id": "10",
		"title": "电子网"
	},{
		"id": "11",
		"title": "政务网"
	},{
		"id": "12",
		"title": "网络"
	},{
		"id": "13",
		"title": "电子政务网"
	},{
		"id": "14",
		"title": "电子政务"
	}],
	"my": [{
		"id": "0",
		"title": "电子政务"
	},{
		"id": "12",
		"title": "电子"
	},{
		"id": "33",
		"title": "智慧城市"
	},{
		"id": "42",
		"title": "网络"
	},{
		"id": "53",
		"title": "政务网"
	},{
		"id": "62",
		"title": "网络"
	},{
		"id": "71",
		"title": "智慧交通"
	},{
		"id": "82",
		"title": "智慧交通"
	},{
		"id": "93",
		"title": "智慧交通"
	},{
		"id": "104",
		"title": "智慧交通"
	}]
}